﻿<?xml version="1.0" encoding="utf-8" ?>
<App xmlns="http://schemas.microsoft.com/sharepoint/2012/app/manifest"
     Name="FavoriteURLsApp"
     ProductID="{db83468c-f57e-4b5a-b78d-83e442df258f}"
     Version="1.0.0.0"
     SharePointMinVersion="15.0.0.0"
>
  <Properties>
    <Title>Favorite URLs</Title>
    <StartPage>~remoteAppUrl/Pages/Default.aspx?{StandardTokens}</StartPage>
  </Properties>

  <AppPrincipal>
    <AutoDeployedWebApplication/>
  </AppPrincipal>

  <AppPrerequisites> 
    <AppPrerequisite Type="AutoProvisioning" ID="RemoteWebHost" /> 
  </AppPrerequisites> 
</App>
