﻿<?xml version="1.0" encoding="utf-8"?>
<Elements xmlns="http://schemas.microsoft.com/sharepoint/">
  <ListInstance Url="Lists/Categories" Description="Categories" OnQuickLaunch="TRUE" Title="Categories">
    <DataSource>
      <Property Name="LobSystemInstance" Value="NorthwindTraders" />
      <Property Name="EntityNamespace" Value="NorthwindModel" />
      <Property Name="Entity" Value="Categories" />
      <Property Name="SpecificFinder" Value="ReadSpecificCategory" />
      <Property Name="MetadataCatalogFileName" Value="BDCMetadata.bdcm" />
    </DataSource>
  </ListInstance>
</Elements>
