﻿<?xml version="1.0" encoding="utf-8"?>
<Elements xmlns="http://schemas.microsoft.com/sharepoint/">
  <ListInstance Url="Lists/Category_Sales_for_1997" Description="Category_Sales_for_1997" OnQuickLaunch="TRUE" Title="Category_Sales_for_1997">
    <DataSource>
      <Property Name="LobSystemInstance" Value="NorthwindTraders" />
      <Property Name="EntityNamespace" Value="NorthwindModel" />
      <Property Name="Entity" Value="Category_Sales_for_1997" />
      <Property Name="SpecificFinder" Value="ReadSpecificCategory_Sales_for_1997" />
      <Property Name="MetadataCatalogFileName" Value="BDCMetadata.bdcm" />
    </DataSource>
  </ListInstance>
</Elements>
