﻿<?xml version="1.0" encoding="utf-8" ?>
<!--Created:cb85b80c-f585-40ff-8bfc-12ff4d0e34a9-->
<App xmlns="http://schemas.microsoft.com/sharepoint/2012/app/manifest"
     Name="SP_AutohostedExpenses_cs"
     ProductID="{a230d2b2-5c93-43a8-bcf6-e4b207904bc4}"
     Version="1.0.0.0"
     SharePointMinVersion="15.0.0.0"
>
  <Properties>
    <Title>SP_AutohostedExpenses_cs</Title>
    <StartPage>~remoteAppUrl/Pages/Default.aspx?{StandardTokens}</StartPage>
  </Properties>

  <AppPrincipal>
    <RemoteWebApplication ClientId="*" />
  </AppPrincipal>

  
</App>
