﻿<?xml version="1.0" encoding="utf-8"?>
<Deployment xmlns="http://schemas.microsoft.com/windowsphone/2012/deployment" AppPlatformVersion="8.0">
  <DefaultLanguage xmlns="" code="en-US" />
  <App xmlns="" ProductID="{7ec92886-9a50-4d78-9a8b-7dbbe630ed06}" Title="sdkBackgroundTransferWP8CS" RuntimeType="Silverlight" Version="1.0.0.0" Genre="apps.normal" Author="sdkBackgroundTransferWP8CS author" Description="Sample description" Publisher="sdkBackgroundTransferWP8CS" PublisherID="{b1fe1a33-8a30-4061-bd75-042099bdb68f}">
    <IconPath IsRelative="true" IsResource="false">Assets\ApplicationIcon.png</IconPath>
    <Capabilities>
      <Capability Name="ID_CAP_NETWORKING" />
      <Capability Name="ID_CAP_MEDIALIB_AUDIO" />
      <Capability Name="ID_CAP_MEDIALIB_PLAYBACK" />
      <Capability Name="ID_CAP_SENSORS" />
      <Capability Name="ID_CAP_WEBBROWSERCOMPONENT" />
    </Capabilities>
    <Tasks>
      <DefaultTask Name="_default" NavigationPage="MainPage.xaml" />
    </Tasks>
    <Tokens>
      <PrimaryToken TokenID="sdkBackgroundTransferWP8CSToken" TaskName="_default">
        <TemplateIconic>
          <SmallImageURI IsRelative="true" IsResource="false">Assets\Tiles\IconicTileSmall.png</SmallImageURI>
          <Count>0</Count>
          <IconImageURI IsRelative="true" IsResource="false">Assets\Tiles\IconicTileMediumLarge.png</IconImageURI>
          <Title>sdkBackgroundTransferWP8CS</Title>
          <Message>
          </Message>
          <BackgroundColor>
          </BackgroundColor>
          <HasLarge>false</HasLarge>
          <LargeContent1>
          </LargeContent1>
          <LargeContent2>
          </LargeContent2>
          <LargeContent3>
          </LargeContent3>
          <DeviceLockImageURI IsRelative="true" IsResource="false">
          </DeviceLockImageURI>
        </TemplateIconic>
      </PrimaryToken>
    </Tokens>
    <ScreenResolutions>
      <ScreenResolution Name="ID_RESOLUTION_WVGA" />
      <ScreenResolution Name="ID_RESOLUTION_WXGA" />
      <ScreenResolution Name="ID_RESOLUTION_HD720P" />
    </ScreenResolutions>
  </App>
</Deployment>