﻿<parameters>
  <parameter name="IIS Web Application Name" defaultValue="Default Web Site/" tags="IisApp">
    <parameterEntry kind="ProviderPath" scope="IisApp" match="^c:\\users\\markp\\documents\\visual\ studio\ 2012\\Projects\\getskydrivefiles\\getskydrivefilesWeb\\obj\\Release\\Package\\PackageTmp$" />
    <parameterEntry kind="ProviderPath" scope="setAcl" match="^c:\\users\\markp\\documents\\visual\ studio\ 2012\\Projects\\getskydrivefiles\\getskydrivefilesWeb\\obj\\Release\\Package\\PackageTmp$" />
  </parameter>
  <parameter name="ClientId" description="Value for ClientId here." defaultValue="6ee0bb33-7348-42db-a98b-c662fd090be1" tags="applicationSettings">
    <parameterEntry kind="XmlFile" scope="web.config$" match="/configuration/appSettings/add[@key='ClientId']/@value" />
  </parameter>
  <parameter name="ClientSecret" description="Value for ClientSecret here." defaultValue="YZARPmuEIZyYC2XDn1qv2NJQhZ9LYJ2sDINK/3ZIX0I=" tags="applicationSettings">
    <parameterEntry kind="XmlFile" scope="web.config$" match="/configuration/appSettings/add[@key='ClientSecret']/@value" />
  </parameter>
</parameters>