﻿<?xml version="1.0" encoding="utf-8" ?>
<Elements xmlns="http://schemas.microsoft.com/sharepoint/">
  <Module Name="SalesTaxWorkflow" Url="wfsvc/bded20928c6a4d229de6449bf0fffa3c">
    <File Url="Workflow.xaml" Type="GhostableInLibrary" Path="SalesTaxWorkflow\Workflow.xaml" DoGUIDFixUp="TRUE">
      <Property Name="ContentType" Value="WorkflowServiceDefinition" />
      <Property Name="isReusable" Value="true" />
      <Property Name="Visibility" Value="Public" />
      <Property Name="RequiresInitiationForm" Value="False" />
      <Property Name="RequiresAssociationForm" Value="False" />
      <Property Name="WSPublishState" Value="3" />
      <Property Name="WSDisplayName" Value="SalesTaxWorkflow" />
      <Property Name="WSDescription" Value="My 'SalesTaxWorkflow' workflow" />
      <Property Name="RestrictToType" Value="List" />
    </File>
    <File Url="WorkflowStartAssociation" Path="SalesTaxWorkflow\WorkflowStartAssociation" Type="GhostableInLibrary">
      <Property Name="WSDisplayName" Value="SalesTaxWorkflow - WorkflowStart" />
      <Property Name="ContentType" Value="WorkflowServiceSubscription" />
      <Property Name="WSPublishState" Value="3" />
      <Property Name="WSEventType" Value="WorkflowStart" />
      <Property Name="WSEnabled" Value="true" />
      <Property Name="WSEventSourceGUID" Value="{$ListId:Lists/ProductCatalog;}" />
      <Property Name="ListId" Value="{$ListId:Lists/ProductCatalog;}" />
      <Property Name="Microsoft.SharePoint.ActivationProperties.ListId" Value="{$ListId:Lists/ProductCatalog;}" />
    </File>
    <File Url="ItemAddedAssociation" Path="SalesTaxWorkflow\ItemAddedAssociation" Type="GhostableInLibrary">
      <Property Name="WSDisplayName" Value="SalesTaxWorkflow - ItemAdded" />
      <Property Name="ContentType" Value="WorkflowServiceSubscription" />
      <Property Name="WSPublishState" Value="3" />
      <Property Name="WSEventType" Value="ItemAdded" />
      <Property Name="WSEnabled" Value="true" />
      <Property Name="WSEventSourceGUID" Value="{$ListId:Lists/ProductCatalog;}" />
      <Property Name="ListId" Value="{$ListId:Lists/ProductCatalog;}" />
      <Property Name="Microsoft.SharePoint.ActivationProperties.ListId" Value="{$ListId:Lists/ProductCatalog;}" />
    </File>
    </Module>
  <ListInstance FeatureId="{2c63df2b-ceab-42c6-aeff-b3968162d4b1}"
                TemplateType="4501"
                Title="wfsvc"
                Description="This list instance is used by SharePoint to keep track of workflows. Do not modify."
                Url="wfsvc"
                RootWebOnly="FALSE" />
</Elements>