﻿<?xml version="1.0" encoding="utf-8"?>
<Feature xmlns="http://schemas.microsoft.com/sharepoint/" Description="SharePoint App Feature" Id="40bb75f7-6268-4578-aa00-d500393595ba" Scope="Web" Title="SimpleECTAuthApp Feature1">
  <ElementManifests>
    <ElementManifest Location="Pages\Elements.xml" />
    <ElementFile Location="Pages\Default.aspx" />
    <ElementManifest Location="Scripts\Elements.xml" />
    <ElementFile Location="Scripts\App.js" />
    <ElementFile Location="Scripts\jquery-1.7.1.min.js" />
    <ElementFile Location="Scripts\jquery-1.7.1.js" />
    <ElementFile Location="Scripts\jquery-1.7.1.intellisense.js" />
    <ElementFile Location="Scripts\wingtip.bcs.js" />
    <ElementFile Location="Scripts\wingtip.productviewmodel.js" />
    <ElementFile Location="Scripts\knockout-2.1.0.js" />
    <ElementManifest Location="Content\Elements.xml" />
    <ElementFile Location="Content\App.css" />
    <ElementManifest Location="Images\Elements.xml" />
    <ElementFile Location="Images\AppIcon.png" />
    <ElementManifest Location="External Content Types\Elements.xml" />
  </ElementManifests>
</Feature>