﻿<?xml version="1.0" encoding="UTF-8"?>
<edmx:Edmx xmlns:edmx="http://schemas.microsoft.com/ado/2007/06/edmx" Version="1.0">
  <edmx:DataServices xmlns:m="http://schemas.microsoft.com/ado/2007/08/dataservices/metadata" m:MaxDataServiceVersion="3.0" m:DataServiceVersion="3.0">
    <Schema xmlns="http://schemas.microsoft.com/ado/2009/11/edm" Namespace="Microsoft.Cloud.Media.Vod.Rest.Data.Models">
      <EntityType Name="AccessPolicy">
        <Key>
          <PropertyRef Name="Id"/>
        </Key>
        <Property Name="Id" Nullable="false" Type="Edm.String"/>
        <Property Name="Created" Nullable="false" Type="Edm.DateTime"/>
        <Property Name="LastModified" Nullable="false" Type="Edm.DateTime"/>
        <Property Name="Name" Type="Edm.String"/>
        <Property Name="DurationInMinutes" Nullable="false" Type="Edm.Double"/>
        <Property Name="Permissions" Nullable="false" Type="Edm.Int32"/>
      </EntityType>
      <EntityType Name="Locator">
        <Key>
          <PropertyRef Name="Id"/>
        </Key>
        <Property Name="Id" Nullable="false" Type="Edm.String"/>
        <Property Name="ExpirationDateTime" Nullable="false" Type="Edm.DateTime"/>
        <Property Name="Type" Nullable="false" Type="Edm.Int32"/>
        <Property Name="Path" Type="Edm.String"/>
        <Property Name="BaseUri" Type="Edm.String"/>
        <Property Name="ContentAccessComponent" Type="Edm.String"/>
        <Property Name="AccessPolicyId" Type="Edm.String"/>
        <Property Name="AssetId" Type="Edm.String"/>
        <Property Name="StartTime" Type="Edm.DateTime"/>
        <NavigationProperty Name="AccessPolicy" FromRole="Locator" ToRole="AccessPolicy" Relationship="Microsoft.Cloud.Media.Vod.Rest.Data.Models.Locator_AccessPolicy"/>
        <NavigationProperty Name="Asset" FromRole="Locator" ToRole="Asset" Relationship="Microsoft.Cloud.Media.Vod.Rest.Data.Models.Locator_Asset"/>
      </EntityType>
      <EntityType Name="ContentKey">
        <Key>
          <PropertyRef Name="Id"/>
        </Key>
        <Property Name="Id" Nullable="false" Type="Edm.String"/>
        <Property Name="Created" Nullable="false" Type="Edm.DateTime"/>
        <Property Name="LastModified" Nullable="false" Type="Edm.DateTime"/>
        <Property Name="ContentKeyType" Nullable="false" Type="Edm.Int32"/>
        <Property Name="EncryptedContentKey" Type="Edm.String"/>
        <Property Name="Name" Type="Edm.String"/>
        <Property Name="ProtectionKeyId" Type="Edm.String"/>
        <Property Name="ProtectionKeyType" Nullable="false" Type="Edm.Int32"/>
        <Property Name="Checksum" Type="Edm.String"/>
      </EntityType>
      <EntityType Name="AssetFile">
        <Key>
          <PropertyRef Name="Id"/>
        </Key>
        <Property Name="Id" Nullable="false" Type="Edm.String"/>
        <Property Name="Name" Type="Edm.String"/>
        <Property Name="ContentFileSize" Nullable="false" Type="Edm.Int64"/>
        <Property Name="ParentAssetId" Type="Edm.String"/>
        <Property Name="EncryptionVersion" Type="Edm.String"/>
        <Property Name="EncryptionScheme" Type="Edm.String"/>
        <Property Name="IsEncrypted" Nullable="false" Type="Edm.Boolean"/>
        <Property Name="EncryptionKeyId" Type="Edm.String"/>
        <Property Name="InitializationVector" Type="Edm.String"/>
        <Property Name="IsPrimary" Nullable="false" Type="Edm.Boolean"/>
        <Property Name="LastModified" Nullable="false" Type="Edm.DateTime"/>
        <Property Name="Created" Nullable="false" Type="Edm.DateTime"/>
        <Property Name="MimeType" Type="Edm.String"/>
        <Property Name="ContentChecksum" Type="Edm.String"/>
      </EntityType>
      <EntityType Name="Asset">
        <Key>
          <PropertyRef Name="Id"/>
        </Key>
        <Property Name="Id" Nullable="false" Type="Edm.String"/>
        <Property Name="State" Nullable="false" Type="Edm.Int32"/>
        <Property Name="Created" Nullable="false" Type="Edm.DateTime"/>
        <Property Name="LastModified" Nullable="false" Type="Edm.DateTime"/>
        <Property Name="AlternateId" Type="Edm.String"/>
        <Property Name="Name" Type="Edm.String"/>
        <Property Name="Options" Nullable="false" Type="Edm.Int32"/>
        <NavigationProperty Name="Locators" FromRole="Asset" ToRole="Locators" Relationship="Microsoft.Cloud.Media.Vod.Rest.Data.Models.Asset_Locators"/>
        <NavigationProperty Name="ContentKeys" FromRole="Asset" ToRole="ContentKeys" Relationship="Microsoft.Cloud.Media.Vod.Rest.Data.Models.Asset_ContentKeys"/>
        <NavigationProperty Name="Files" FromRole="Asset" ToRole="Files" Relationship="Microsoft.Cloud.Media.Vod.Rest.Data.Models.Asset_Files"/>
        <NavigationProperty Name="ParentAssets" FromRole="Asset" ToRole="ParentAssets" Relationship="Microsoft.Cloud.Media.Vod.Rest.Data.Models.Asset_ParentAssets"/>
      </EntityType>
      <EntityType Name="IngestManifestFile">
        <Key>
          <PropertyRef Name="Id"/>
        </Key>
        <Property Name="Id" Nullable="false" Type="Edm.String"/>
        <Property Name="Name" Type="Edm.String"/>
        <Property Name="State" Nullable="false" Type="Edm.Int32"/>
        <Property Name="ParentIngestManifestId" Type="Edm.String"/>
        <Property Name="ParentIngestManifestAssetId" Type="Edm.String"/>
        <Property Name="ErrorDetail" Type="Edm.String"/>
        <Property Name="MimeType" Type="Edm.String"/>
        <Property Name="IsPrimary" Nullable="false" Type="Edm.Boolean"/>
        <Property Name="EncryptionVersion" Type="Edm.String"/>
        <Property Name="EncryptionScheme" Type="Edm.String"/>
        <Property Name="IsEncrypted" Nullable="false" Type="Edm.Boolean"/>
        <Property Name="EncryptionKeyId" Type="Edm.String"/>
        <Property Name="InitializationVector" Type="Edm.String"/>
        <Property Name="LastModified" Nullable="false" Type="Edm.DateTime"/>
        <Property Name="Created" Nullable="false" Type="Edm.DateTime"/>
      </EntityType>
      <EntityType Name="IngestManifestAsset">
        <Key>
          <PropertyRef Name="Id"/>
        </Key>
        <Property Name="Id" Nullable="false" Type="Edm.String"/>
        <Property Name="Created" Nullable="false" Type="Edm.DateTime"/>
        <Property Name="LastModified" Nullable="false" Type="Edm.DateTime"/>
        <Property Name="ParentIngestManifestId" Type="Edm.String"/>
        <NavigationProperty Name="IngestManifestFiles" FromRole="IngestManifestAsset" ToRole="IngestManifestFiles" Relationship="Microsoft.Cloud.Media.Vod.Rest.Data.Models.IngestManifestAsset_IngestManifestFiles"/>
        <NavigationProperty Name="Asset" FromRole="IngestManifestAsset" ToRole="Asset" Relationship="Microsoft.Cloud.Media.Vod.Rest.Data.Models.IngestManifestAsset_Asset"/>
      </EntityType>
      <EntityType Name="IngestManifest">
        <Key>
          <PropertyRef Name="Id"/>
        </Key>
        <Property Name="Id" Nullable="false" Type="Edm.String"/>
        <Property Name="Name" Type="Edm.String"/>
        <Property Name="State" Nullable="false" Type="Edm.Int32"/>
        <Property Name="BlobStorageUriForUpload" Type="Edm.String"/>
        <Property Name="Statistics" Type="Microsoft.Cloud.Media.Vod.Rest.Data.Models.IngestManifestStatistics"/>
        <Property Name="Created" Nullable="false" Type="Edm.DateTime"/>
        <Property Name="LastModified" Nullable="false" Type="Edm.DateTime"/>
        <NavigationProperty Name="IngestManifestAssets" FromRole="IngestManifest" ToRole="IngestManifestAssets" Relationship="Microsoft.Cloud.Media.Vod.Rest.Data.Models.IngestManifest_IngestManifestAssets"/>
        <NavigationProperty Name="PendingIngestManifestAssets" FromRole="IngestManifest" ToRole="PendingIngestManifestAssets" Relationship="Microsoft.Cloud.Media.Vod.Rest.Data.Models.IngestManifest_PendingIngestManifestAssets"/>
      </EntityType>
      <ComplexType Name="IngestManifestStatistics">
        <Property Name="PendingFilesCount" Nullable="false" Type="Edm.Int32"/>
        <Property Name="FinishedFilesCount" Nullable="false" Type="Edm.Int32"/>
        <Property Name="ErrorFilesCount" Nullable="false" Type="Edm.Int32"/>
        <Property Name="ErrorFilesDetails" Type="Edm.String"/>
      </ComplexType>
      <EntityType Name="Task">
        <Key>
          <PropertyRef Name="Id"/>
        </Key>
        <Property Name="Id" Nullable="false" Type="Edm.String"/>
        <Property Name="Configuration" Type="Edm.String"/>
        <Property Name="EndTime" Type="Edm.DateTime"/>
        <Property Name="ErrorDetails" Nullable="false" Type="Collection(Microsoft.Cloud.Media.Vod.Rest.Data.Models.ErrorDetail)"/>
        <Property Name="HistoricalEvents" Nullable="false" Type="Collection(Microsoft.Cloud.Media.Vod.Rest.Data.Models.TaskHistoricalEvent)"/>
        <Property Name="MediaProcessorId" Type="Edm.String"/>
        <Property Name="Name" Type="Edm.String"/>
        <Property Name="PerfMessage" Type="Edm.String"/>
        <Property Name="Priority" Nullable="false" Type="Edm.Int32"/>
        <Property Name="Progress" Nullable="false" Type="Edm.Double"/>
        <Property Name="RunningDuration" Nullable="false" Type="Edm.Double"/>
        <Property Name="StartTime" Type="Edm.DateTime"/>
        <Property Name="State" Nullable="false" Type="Edm.Int32"/>
        <Property Name="TaskBody" Type="Edm.String"/>
        <Property Name="Options" Nullable="false" Type="Edm.Int32"/>
        <Property Name="EncryptionKeyId" Type="Edm.String"/>
        <Property Name="EncryptionScheme" Type="Edm.String"/>
        <Property Name="EncryptionVersion" Type="Edm.String"/>
        <Property Name="InitializationVector" Type="Edm.String"/>
        <NavigationProperty Name="OutputMediaAssets" FromRole="Task" ToRole="OutputMediaAssets" Relationship="Microsoft.Cloud.Media.Vod.Rest.Data.Models.Task_OutputMediaAssets"/>
        <NavigationProperty Name="InputMediaAssets" FromRole="Task" ToRole="InputMediaAssets" Relationship="Microsoft.Cloud.Media.Vod.Rest.Data.Models.Task_InputMediaAssets"/>
      </EntityType>
      <ComplexType Name="ErrorDetail">
        <Property Name="Code" Type="Edm.String"/>
        <Property Name="Message" Type="Edm.String"/>
      </ComplexType>
      <ComplexType Name="TaskHistoricalEvent">
        <Property Name="Code" Type="Edm.String"/>
        <Property Name="Message" Type="Edm.String"/>
        <Property Name="TimeStamp" Nullable="false" Type="Edm.DateTime"/>
      </ComplexType>
      <EntityType Name="Job">
        <Key>
          <PropertyRef Name="Id"/>
        </Key>
        <Property Name="Id" Nullable="false" Type="Edm.String"/>
        <Property Name="Name" Type="Edm.String"/>
        <Property Name="Created" Nullable="false" Type="Edm.DateTime"/>
        <Property Name="LastModified" Nullable="false" Type="Edm.DateTime"/>
        <Property Name="EndTime" Type="Edm.DateTime"/>
        <Property Name="Priority" Nullable="false" Type="Edm.Int32"/>
        <Property Name="RunningDuration" Nullable="false" Type="Edm.Double"/>
        <Property Name="StartTime" Type="Edm.DateTime"/>
        <Property Name="State" Nullable="false" Type="Edm.Int32"/>
        <Property Name="TemplateId" Type="Edm.String"/>
        <NavigationProperty Name="Tasks" FromRole="Job" ToRole="Tasks" Relationship="Microsoft.Cloud.Media.Vod.Rest.Data.Models.Job_Tasks"/>
        <NavigationProperty Name="OutputMediaAssets" FromRole="Job" ToRole="OutputMediaAssets" Relationship="Microsoft.Cloud.Media.Vod.Rest.Data.Models.Job_OutputMediaAssets"/>
        <NavigationProperty Name="InputMediaAssets" FromRole="Job" ToRole="InputMediaAssets" Relationship="Microsoft.Cloud.Media.Vod.Rest.Data.Models.Job_InputMediaAssets"/>
      </EntityType>
      <EntityType Name="TaskTemplate">
        <Key>
          <PropertyRef Name="Id"/>
        </Key>
        <Property Name="Id" Nullable="false" Type="Edm.String"/>
        <Property Name="Configuration" Type="Edm.String"/>
        <Property Name="Created" Nullable="false" Type="Edm.DateTime"/>
        <Property Name="Description" Type="Edm.String"/>
        <Property Name="LastModified" Nullable="false" Type="Edm.DateTime"/>
        <Property Name="MediaProcessorId" Type="Edm.String"/>
        <Property Name="Name" Type="Edm.String"/>
        <Property Name="NumberofInputAssets" Nullable="false" Type="Edm.Int32"/>
        <Property Name="NumberofOutputAssets" Nullable="false" Type="Edm.Int32"/>
        <Property Name="Options" Nullable="false" Type="Edm.Int32"/>
        <Property Name="EncryptionKeyId" Type="Edm.String"/>
        <Property Name="EncryptionScheme" Type="Edm.String"/>
        <Property Name="EncryptionVersion" Type="Edm.String"/>
        <Property Name="InitializationVector" Type="Edm.String"/>
      </EntityType>
      <EntityType Name="JobTemplate">
        <Key>
          <PropertyRef Name="Id"/>
        </Key>
        <Property Name="Id" Nullable="false" Type="Edm.String"/>
        <Property Name="Created" Nullable="false" Type="Edm.DateTime"/>
        <Property Name="JobTemplateBody" Type="Edm.String"/>
        <Property Name="LastModified" Nullable="false" Type="Edm.DateTime"/>
        <Property Name="Name" Type="Edm.String"/>
        <Property Name="NumberofInputAssets" Nullable="false" Type="Edm.Int32"/>
        <Property Name="TemplateType" Nullable="false" Type="Edm.Int32"/>
        <NavigationProperty Name="TaskTemplates" FromRole="JobTemplate" ToRole="TaskTemplates" Relationship="Microsoft.Cloud.Media.Vod.Rest.Data.Models.JobTemplate_TaskTemplates"/>
      </EntityType>
      <EntityType Name="MediaProcessor">
        <Key>
          <PropertyRef Name="Id"/>
        </Key>
        <Property Name="Id" Nullable="false" Type="Edm.String"/>
        <Property Name="Description" Type="Edm.String"/>
        <Property Name="Name" Type="Edm.String"/>
        <Property Name="Sku" Type="Edm.String"/>
        <Property Name="Vendor" Type="Edm.String"/>
        <Property Name="Version" Type="Edm.String"/>
      </EntityType>
      <Association Name="Locator_AccessPolicy">
        <End Type="Microsoft.Cloud.Media.Vod.Rest.Data.Models.Locator" Multiplicity="*" Role="Locator"/>
        <End Type="Microsoft.Cloud.Media.Vod.Rest.Data.Models.AccessPolicy" Multiplicity="0..1" Role="AccessPolicy"/>
      </Association>
      <Association Name="Locator_Asset">
        <End Type="Microsoft.Cloud.Media.Vod.Rest.Data.Models.Locator" Multiplicity="*" Role="Locator"/>
        <End Type="Microsoft.Cloud.Media.Vod.Rest.Data.Models.Asset" Multiplicity="0..1" Role="Asset"/>
      </Association>
      <Association Name="Asset_Locators">
        <End Type="Microsoft.Cloud.Media.Vod.Rest.Data.Models.Locator" Multiplicity="*" Role="Locators"/>
        <End Type="Microsoft.Cloud.Media.Vod.Rest.Data.Models.Asset" Multiplicity="*" Role="Asset"/>
      </Association>
      <Association Name="Asset_ContentKeys">
        <End Type="Microsoft.Cloud.Media.Vod.Rest.Data.Models.ContentKey" Multiplicity="*" Role="ContentKeys"/>
        <End Type="Microsoft.Cloud.Media.Vod.Rest.Data.Models.Asset" Multiplicity="*" Role="Asset"/>
      </Association>
      <Association Name="Asset_Files">
        <End Type="Microsoft.Cloud.Media.Vod.Rest.Data.Models.AssetFile" Multiplicity="*" Role="Files"/>
        <End Type="Microsoft.Cloud.Media.Vod.Rest.Data.Models.Asset" Multiplicity="*" Role="Asset"/>
      </Association>
      <Association Name="Asset_ParentAssets">
        <End Type="Microsoft.Cloud.Media.Vod.Rest.Data.Models.Asset" Multiplicity="*" Role="ParentAssets"/>
        <End Type="Microsoft.Cloud.Media.Vod.Rest.Data.Models.Asset" Multiplicity="*" Role="Asset"/>
      </Association>
      <Association Name="IngestManifestAsset_IngestManifestFiles">
        <End Type="Microsoft.Cloud.Media.Vod.Rest.Data.Models.IngestManifestFile" Multiplicity="*" Role="IngestManifestFiles"/>
        <End Type="Microsoft.Cloud.Media.Vod.Rest.Data.Models.IngestManifestAsset" Multiplicity="*" Role="IngestManifestAsset"/>
      </Association>
      <Association Name="IngestManifestAsset_Asset">
        <End Type="Microsoft.Cloud.Media.Vod.Rest.Data.Models.IngestManifestAsset" Multiplicity="*" Role="IngestManifestAsset"/>
        <End Type="Microsoft.Cloud.Media.Vod.Rest.Data.Models.Asset" Multiplicity="0..1" Role="Asset"/>
      </Association>
      <Association Name="IngestManifest_IngestManifestAssets">
        <End Type="Microsoft.Cloud.Media.Vod.Rest.Data.Models.IngestManifestAsset" Multiplicity="*" Role="IngestManifestAssets"/>
        <End Type="Microsoft.Cloud.Media.Vod.Rest.Data.Models.IngestManifest" Multiplicity="*" Role="IngestManifest"/>
      </Association>
      <Association Name="IngestManifest_PendingIngestManifestAssets">
        <End Type="Microsoft.Cloud.Media.Vod.Rest.Data.Models.IngestManifestAsset" Multiplicity="*" Role="PendingIngestManifestAssets"/>
        <End Type="Microsoft.Cloud.Media.Vod.Rest.Data.Models.IngestManifest" Multiplicity="*" Role="IngestManifest"/>
      </Association>
      <Association Name="Task_OutputMediaAssets">
        <End Type="Microsoft.Cloud.Media.Vod.Rest.Data.Models.Task" Multiplicity="*" Role="Task"/>
        <End Type="Microsoft.Cloud.Media.Vod.Rest.Data.Models.Asset" Multiplicity="*" Role="OutputMediaAssets"/>
      </Association>
      <Association Name="Task_InputMediaAssets">
        <End Type="Microsoft.Cloud.Media.Vod.Rest.Data.Models.Task" Multiplicity="*" Role="Task"/>
        <End Type="Microsoft.Cloud.Media.Vod.Rest.Data.Models.Asset" Multiplicity="*" Role="InputMediaAssets"/>
      </Association>
      <Association Name="Job_Tasks">
        <End Type="Microsoft.Cloud.Media.Vod.Rest.Data.Models.Task" Multiplicity="*" Role="Tasks"/>
        <End Type="Microsoft.Cloud.Media.Vod.Rest.Data.Models.Job" Multiplicity="*" Role="Job"/>
      </Association>
      <Association Name="Job_OutputMediaAssets">
        <End Type="Microsoft.Cloud.Media.Vod.Rest.Data.Models.Job" Multiplicity="*" Role="Job"/>
        <End Type="Microsoft.Cloud.Media.Vod.Rest.Data.Models.Asset" Multiplicity="*" Role="OutputMediaAssets"/>
      </Association>
      <Association Name="Job_InputMediaAssets">
        <End Type="Microsoft.Cloud.Media.Vod.Rest.Data.Models.Job" Multiplicity="*" Role="Job"/>
        <End Type="Microsoft.Cloud.Media.Vod.Rest.Data.Models.Asset" Multiplicity="*" Role="InputMediaAssets"/>
      </Association>
      <Association Name="JobTemplate_TaskTemplates">
        <End Type="Microsoft.Cloud.Media.Vod.Rest.Data.Models.TaskTemplate" Multiplicity="*" Role="TaskTemplates"/>
        <End Type="Microsoft.Cloud.Media.Vod.Rest.Data.Models.JobTemplate" Multiplicity="*" Role="JobTemplate"/>
      </Association>
      <EntityContainer Name="WindowsAzureMediaServices" m:IsDefaultEntityContainer="true">
        <EntitySet Name="AccessPolicies" EntityType="Microsoft.Cloud.Media.Vod.Rest.Data.Models.AccessPolicy"/>
        <EntitySet Name="Locators" EntityType="Microsoft.Cloud.Media.Vod.Rest.Data.Models.Locator"/>
        <EntitySet Name="ContentKeys" EntityType="Microsoft.Cloud.Media.Vod.Rest.Data.Models.ContentKey"/>
        <EntitySet Name="Files" EntityType="Microsoft.Cloud.Media.Vod.Rest.Data.Models.AssetFile"/>
        <EntitySet Name="Assets" EntityType="Microsoft.Cloud.Media.Vod.Rest.Data.Models.Asset"/>
        <EntitySet Name="IngestManifestFiles" EntityType="Microsoft.Cloud.Media.Vod.Rest.Data.Models.IngestManifestFile"/>
        <EntitySet Name="IngestManifestAssets" EntityType="Microsoft.Cloud.Media.Vod.Rest.Data.Models.IngestManifestAsset"/>
        <EntitySet Name="IngestManifests" EntityType="Microsoft.Cloud.Media.Vod.Rest.Data.Models.IngestManifest"/>
        <EntitySet Name="Tasks" EntityType="Microsoft.Cloud.Media.Vod.Rest.Data.Models.Task"/>
        <EntitySet Name="Jobs" EntityType="Microsoft.Cloud.Media.Vod.Rest.Data.Models.Job"/>
        <EntitySet Name="TaskTemplates" EntityType="Microsoft.Cloud.Media.Vod.Rest.Data.Models.TaskTemplate"/>
        <EntitySet Name="JobTemplates" EntityType="Microsoft.Cloud.Media.Vod.Rest.Data.Models.JobTemplate"/>
        <EntitySet Name="MediaProcessors" EntityType="Microsoft.Cloud.Media.Vod.Rest.Data.Models.MediaProcessor"/>
        <FunctionImport Name="CancelJob" m:HttpMethod="GET">
          <Parameter Name="jobid" Type="Edm.String"/>
        </FunctionImport>
        <FunctionImport Name="GetProtectionKeyId" m:HttpMethod="GET" ReturnType="Edm.String">
          <Parameter Name="contentKeyType" Nullable="false" Type="Edm.Int32"/>
        </FunctionImport>
        <FunctionImport Name="GetProtectionKey" m:HttpMethod="GET" ReturnType="Edm.String">
          <Parameter Name="protectionKeyId" Type="Edm.String"/>
        </FunctionImport>
        <FunctionImport Name="CreateFileInfos" m:HttpMethod="GET">
          <Parameter Name="assetid" Type="Edm.String"/>
        </FunctionImport>
        <FunctionImport Name="RebindContentKey" m:HttpMethod="GET" ReturnType="Edm.String">
          <Parameter Name="id" Type="Edm.String"/>
          <Parameter Name="x509Certificate" Type="Edm.String"/>
        </FunctionImport>
        <FunctionImport Name="Publish" m:IsAlwaysBindable="true" IsBindable="true">
          <Parameter Name="assetid" Type="Microsoft.Cloud.Media.Vod.Rest.Data.Models.Asset"/>
        </FunctionImport>
        <AssociationSet Name="Locator_AccessPolicy_AccessPolicies" Association="Microsoft.Cloud.Media.Vod.Rest.Data.Models.Locator_AccessPolicy">
          <End Role="Locator" EntitySet="Locators"/>
          <End Role="AccessPolicy" EntitySet="AccessPolicies"/>
        </AssociationSet>
        <AssociationSet Name="Locator_Asset_Assets" Association="Microsoft.Cloud.Media.Vod.Rest.Data.Models.Locator_Asset">
          <End Role="Locator" EntitySet="Locators"/>
          <End Role="Asset" EntitySet="Assets"/>
        </AssociationSet>
        <AssociationSet Name="Asset_Locators_Locators" Association="Microsoft.Cloud.Media.Vod.Rest.Data.Models.Asset_Locators">
          <End Role="Asset" EntitySet="Assets"/>
          <End Role="Locators" EntitySet="Locators"/>
        </AssociationSet>
        <AssociationSet Name="Asset_ContentKeys_ContentKeys" Association="Microsoft.Cloud.Media.Vod.Rest.Data.Models.Asset_ContentKeys">
          <End Role="Asset" EntitySet="Assets"/>
          <End Role="ContentKeys" EntitySet="ContentKeys"/>
        </AssociationSet>
        <AssociationSet Name="Asset_Files_Files" Association="Microsoft.Cloud.Media.Vod.Rest.Data.Models.Asset_Files">
          <End Role="Asset" EntitySet="Assets"/>
          <End Role="Files" EntitySet="Files"/>
        </AssociationSet>
        <AssociationSet Name="Asset_ParentAssets_Assets" Association="Microsoft.Cloud.Media.Vod.Rest.Data.Models.Asset_ParentAssets">
          <End Role="Asset" EntitySet="Assets"/>
          <End Role="ParentAssets" EntitySet="Assets"/>
        </AssociationSet>
        <AssociationSet Name="IngestManifestAsset_IngestManifestFiles_IngestManifestFiles" Association="Microsoft.Cloud.Media.Vod.Rest.Data.Models.IngestManifestAsset_IngestManifestFiles">
          <End Role="IngestManifestAsset" EntitySet="IngestManifestAssets"/>
          <End Role="IngestManifestFiles" EntitySet="IngestManifestFiles"/>
        </AssociationSet>
        <AssociationSet Name="IngestManifestAsset_Asset_Assets" Association="Microsoft.Cloud.Media.Vod.Rest.Data.Models.IngestManifestAsset_Asset">
          <End Role="IngestManifestAsset" EntitySet="IngestManifestAssets"/>
          <End Role="Asset" EntitySet="Assets"/>
        </AssociationSet>
        <AssociationSet Name="IngestManifest_IngestManifestAssets_IngestManifestAssets" Association="Microsoft.Cloud.Media.Vod.Rest.Data.Models.IngestManifest_IngestManifestAssets">
          <End Role="IngestManifest" EntitySet="IngestManifests"/>
          <End Role="IngestManifestAssets" EntitySet="IngestManifestAssets"/>
        </AssociationSet>
        <AssociationSet Name="IngestManifest_PendingIngestManifestAssets_IngestManifestAssets" Association="Microsoft.Cloud.Media.Vod.Rest.Data.Models.IngestManifest_PendingIngestManifestAssets">
          <End Role="IngestManifest" EntitySet="IngestManifests"/>
          <End Role="PendingIngestManifestAssets" EntitySet="IngestManifestAssets"/>
        </AssociationSet>
        <AssociationSet Name="Task_OutputMediaAssets_Assets" Association="Microsoft.Cloud.Media.Vod.Rest.Data.Models.Task_OutputMediaAssets">
          <End Role="Task" EntitySet="Tasks"/>
          <End Role="OutputMediaAssets" EntitySet="Assets"/>
        </AssociationSet>
        <AssociationSet Name="Task_InputMediaAssets_Assets" Association="Microsoft.Cloud.Media.Vod.Rest.Data.Models.Task_InputMediaAssets">
          <End Role="Task" EntitySet="Tasks"/>
          <End Role="InputMediaAssets" EntitySet="Assets"/>
        </AssociationSet>
        <AssociationSet Name="Job_Tasks_Tasks" Association="Microsoft.Cloud.Media.Vod.Rest.Data.Models.Job_Tasks">
          <End Role="Job" EntitySet="Jobs"/>
          <End Role="Tasks" EntitySet="Tasks"/>
        </AssociationSet>
        <AssociationSet Name="Job_OutputMediaAssets_Assets" Association="Microsoft.Cloud.Media.Vod.Rest.Data.Models.Job_OutputMediaAssets">
          <End Role="Job" EntitySet="Jobs"/>
          <End Role="OutputMediaAssets" EntitySet="Assets"/>
        </AssociationSet>
        <AssociationSet Name="Job_InputMediaAssets_Assets" Association="Microsoft.Cloud.Media.Vod.Rest.Data.Models.Job_InputMediaAssets">
          <End Role="Job" EntitySet="Jobs"/>
          <End Role="InputMediaAssets" EntitySet="Assets"/>
        </AssociationSet>
        <AssociationSet Name="JobTemplate_TaskTemplates_TaskTemplates" Association="Microsoft.Cloud.Media.Vod.Rest.Data.Models.JobTemplate_TaskTemplates">
          <End Role="JobTemplate" EntitySet="JobTemplates"/>
          <End Role="TaskTemplates" EntitySet="TaskTemplates"/>
        </AssociationSet>
      </EntityContainer>
    </Schema>
  </edmx:DataServices>
</edmx:Edmx>