<?xml version="1.0" encoding="UTF-8"?><?xml-stylesheet type='text/xsl' href='_UpgradeReport_Files/UpgradeReport.xslt'?><UpgradeLog>
<Properties><Property Name="Solution" Value="HelloFabric">
</Property><Property Name="Solution File" Value="C:\Users\davidmu\Documents\Visual Studio 2010\Projects\Windows_Azure_HelloFabric_Sample\C#\HelloFabric.sln">
</Property><Property Name="Date" Value="Thursday, September 15, 2011">
</Property><Property Name="Time" Value="21:02 PM">
</Property></Properties><Event ErrorLevel="0" Project="" Source="HelloFabric.sln" Description="File successfully backed up as C:\Users\davidmu\Documents\Visual Studio 2010\Projects\Windows_Azure_HelloFabric_Sample\C#\Backup\HelloFabric.sln">
</Event><Event ErrorLevel="0" Project="C:\Users\davidmu\Documents\Visual Studio 2010\Projects\Windows_Azure_HelloFabric_Sample\C#\HelloFabric\HelloFabric.ccproj" Source="HelloFabric\HelloFabric.ccproj" Description="Project file successfully backed up as C:\Users\davidmu\Documents\Visual Studio 2010\Projects\Windows_Azure_HelloFabric_Sample\C#\Backup\HelloFabric\HelloFabric.ccproj">
</Event><Event ErrorLevel="0" Project="C:\Users\davidmu\Documents\Visual Studio 2010\Projects\Windows_Azure_HelloFabric_Sample\C#\HelloFabric\HelloFabric.ccproj" Source="HelloFabric\ServiceDefinition.csdef" Description="File successfully backed up as C:\Users\davidmu\Documents\Visual Studio 2010\Projects\Windows_Azure_HelloFabric_Sample\C#\Backup\HelloFabric\ServiceDefinition.csdef">
</Event><Event ErrorLevel="0" Project="C:\Users\davidmu\Documents\Visual Studio 2010\Projects\Windows_Azure_HelloFabric_Sample\C#\HelloFabric\HelloFabric.ccproj" Source="HelloFabric\ServiceConfiguration.cscfg" Description="File successfully backed up as C:\Users\davidmu\Documents\Visual Studio 2010\Projects\Windows_Azure_HelloFabric_Sample\C#\Backup\HelloFabric\ServiceConfiguration.cscfg">
</Event><Event ErrorLevel="0" Project="C:\Users\davidmu\Documents\Visual Studio 2010\Projects\Windows_Azure_HelloFabric_Sample\C#\HelloFabric\HelloFabric.ccproj" Source="HelloFabric\HelloFabric.ccproj" Description="Upgraded ProductVersion value to 1.5.0.">
</Event><Event ErrorLevel="0" Project="C:\Users\davidmu\Documents\Visual Studio 2010\Projects\Windows_Azure_HelloFabric_Sample\C#\HelloFabric\HelloFabric.ccproj" Source="HelloFabric\HelloFabric.ccproj" Description="Upgrade CloudExtensionsDir value to $(MSBuildExtensionsPath)\Microsoft\VisualStudio\v$(VisualStudioVersion)\Windows Azure Tools\1.5\.">
</Event><Event ErrorLevel="0" Project="C:\Users\davidmu\Documents\Visual Studio 2010\Projects\Windows_Azure_HelloFabric_Sample\C#\HelloFabric\HelloFabric.ccproj" Source="HelloFabric\HelloFabric.ccproj" Description="Upgraded target file name from Microsoft.CloudService.targets to Microsoft.WindowsAzure.targets.">
</Event><Event ErrorLevel="0" Project="C:\Users\davidmu\Documents\Visual Studio 2010\Projects\Windows_Azure_HelloFabric_Sample\C#\HelloFabric\HelloFabric.ccproj" Source="HelloFabric\HelloFabric.ccproj" Description="Added import $(MSBuildExtensionsPath)\$(MSBuildToolsVersion)\Microsoft.Common.props.">
</Event><Event ErrorLevel="0" Project="C:\Users\davidmu\Documents\Visual Studio 2010\Projects\Windows_Azure_HelloFabric_Sample\C#\HelloFabric\HelloFabric.ccproj" Source="HelloFabric\HelloFabric.ccproj" Description="Added VisualStudioVersion property.">
</Event><Event ErrorLevel="0" Project="HelloFabric_WebRole" Source="HelloFabric_WebRole\HelloFabric_WebRole.csproj" Description="Project file successfully backed up as C:\Users\davidmu\Documents\Visual Studio 2010\Projects\Windows_Azure_HelloFabric_Sample\C#\Backup\HelloFabric_WebRole\HelloFabric_WebRole.csproj">
</Event><Event ErrorLevel="0" Project="HelloFabric_WebRole" Source="HelloFabric_WebRole\Default.aspx.cs" Description="File successfully backed up as C:\Users\davidmu\Documents\Visual Studio 2010\Projects\Windows_Azure_HelloFabric_Sample\C#\Backup\HelloFabric_WebRole\Default.aspx.cs">
</Event><Event ErrorLevel="0" Project="HelloFabric_WebRole" Source="HelloFabric_WebRole\Default.aspx.designer.cs" Description="File successfully backed up as C:\Users\davidmu\Documents\Visual Studio 2010\Projects\Windows_Azure_HelloFabric_Sample\C#\Backup\HelloFabric_WebRole\Default.aspx.designer.cs">
</Event><Event ErrorLevel="0" Project="HelloFabric_WebRole" Source="HelloFabric_WebRole\FrebHandler.cs" Description="File successfully backed up as C:\Users\davidmu\Documents\Visual Studio 2010\Projects\Windows_Azure_HelloFabric_Sample\C#\Backup\HelloFabric_WebRole\FrebHandler.cs">
</Event><Event ErrorLevel="0" Project="HelloFabric_WebRole" Source="HelloFabric_WebRole\TcpClientHelpers.cs" Description="File successfully backed up as C:\Users\davidmu\Documents\Visual Studio 2010\Projects\Windows_Azure_HelloFabric_Sample\C#\Backup\HelloFabric_WebRole\TcpClientHelpers.cs">
</Event><Event ErrorLevel="0" Project="HelloFabric_WebRole" Source="HelloFabric_WebRole\WebRole.cs" Description="File successfully backed up as C:\Users\davidmu\Documents\Visual Studio 2010\Projects\Windows_Azure_HelloFabric_Sample\C#\Backup\HelloFabric_WebRole\WebRole.cs">
</Event><Event ErrorLevel="0" Project="HelloFabric_WebRole" Source="HelloFabric_WebRole\Default.aspx" Description="File successfully backed up as C:\Users\davidmu\Documents\Visual Studio 2010\Projects\Windows_Azure_HelloFabric_Sample\C#\Backup\HelloFabric_WebRole\Default.aspx">
</Event><Event ErrorLevel="0" Project="HelloFabric_WebRole" Source="HelloFabric_WebRole\Web.config" Description="File successfully backed up as C:\Users\davidmu\Documents\Visual Studio 2010\Projects\Windows_Azure_HelloFabric_Sample\C#\Backup\HelloFabric_WebRole\Web.config">
</Event><Event ErrorLevel="0" Project="HelloFabric_WebRole" Source="HelloFabric_WebRole\HelloFabric_WebRole.csproj" Description="The project file does not require conversion.">
</Event><Event ErrorLevel="3" Project="HelloFabric_WebRole" Source="HelloFabric_WebRole\HelloFabric_WebRole.csproj" Description="No Conversion Required">
</Event><Event ErrorLevel="0" Project="HelloFabric_WorkerRole" Source="HelloFabric_WorkerRole\HelloFabric_WorkerRole.csproj" Description="Project file successfully backed up as C:\Users\davidmu\Documents\Visual Studio 2010\Projects\Windows_Azure_HelloFabric_Sample\C#\Backup\HelloFabric_WorkerRole\HelloFabric_WorkerRole.csproj">
</Event><Event ErrorLevel="0" Project="HelloFabric_WorkerRole" Source="HelloFabric_WorkerRole\DayTimeTcpServer.cs" Description="File successfully backed up as C:\Users\davidmu\Documents\Visual Studio 2010\Projects\Windows_Azure_HelloFabric_Sample\C#\Backup\HelloFabric_WorkerRole\DayTimeTcpServer.cs">
</Event><Event ErrorLevel="0" Project="HelloFabric_WorkerRole" Source="HelloFabric_WorkerRole\WorkerRole.cs" Description="File successfully backed up as C:\Users\davidmu\Documents\Visual Studio 2010\Projects\Windows_Azure_HelloFabric_Sample\C#\Backup\HelloFabric_WorkerRole\WorkerRole.cs">
</Event><Event ErrorLevel="0" Project="HelloFabric_WorkerRole" Source="HelloFabric_WorkerRole\App.config" Description="File successfully backed up as C:\Users\davidmu\Documents\Visual Studio 2010\Projects\Windows_Azure_HelloFabric_Sample\C#\Backup\HelloFabric_WorkerRole\App.config">
</Event><Event ErrorLevel="0" Project="HelloFabric_WorkerRole" Source="HelloFabric_WorkerRole\HelloFabric_WorkerRole.csproj" Description="The project file does not require conversion.">
</Event><Event ErrorLevel="3" Project="HelloFabric_WorkerRole" Source="HelloFabric_WorkerRole\HelloFabric_WorkerRole.csproj" Description="No Conversion Required">
</Event><Event ErrorLevel="0" Project="" Source="HelloFabric.sln" Description="The solution file does not require conversion.">
</Event><Event ErrorLevel="3" Project="" Source="HelloFabric.sln" Description="No Conversion Required">
</Event></UpgradeLog>