﻿<?xml version="1.0" encoding="utf-8"?>
<Feature Description="SharePoint App Feature" Id="2c9f80af-108a-45e3-a049-914bf115e4b9" Scope="Web" Title="BCSDashboardREST Feature1" xmlns="http://schemas.microsoft.com/sharepoint/">
  <ElementManifests>
    <ElementManifest Location="Pages\Elements.xml" />
    <ElementFile Location="Pages\Default.aspx" />
    <ElementManifest Location="Scripts\Elements.xml" />
    <ElementFile Location="Scripts\App.js" />
    <ElementFile Location="Scripts\jquery-1.7.1.min.js" />
    <ElementFile Location="Scripts\jquery-1.7.1.js" />
    <ElementFile Location="Scripts\jquery-1.7.1.intellisense.js" />
    <ElementFile Location="Scripts\knockout-2.1.0.js" />
    <ElementFile Location="Scripts\northwind.query.js" />
    <ElementFile Location="Scripts\northwind.viewmodel.js" />
    <ElementManifest Location="Content\Elements.xml" />
    <ElementFile Location="Content\App.css" />
    <ElementManifest Location="Images\Elements.xml" />
    <ElementFile Location="Images\AppIcon.png" />
    <ElementManifest Location="External Content Types\Elements.xml" />
    <ElementManifest Location="Categories\Elements.xml" />
    <ElementManifest Location="Category_Sales_for_1997\Elements.xml" />
    <ElementFile Location="External Content Types\BDCMetadata.bdcm" />
  </ElementManifests>
</Feature>