﻿<?xml version="1.0" encoding="utf-8"?>
<List xmlns:ows="Microsoft SharePoint" Title="ProductCatalog" FolderCreation="FALSE" Direction="$Resources:Direction;" Url="Lists/ProductCatalog" BaseType="0" xmlns="http://schemas.microsoft.com/sharepoint/">
  <MetaData>
    <ContentTypes>
      
      
    <ContentType ID="0x01002deba667eb1e4801863bff8665cc418c" Name="ListFieldsContentType"><FieldRefs><FieldRef ID="{fa564e0f-0c70-4ab9-b863-0177e6ddd247}" Name="Title" /><FieldRef ID="{80d913c1-5d03-4394-b33e-687767d43b33}" Name="BasePrice" /><FieldRef ID="{fec5ce2f-0db9-4e2c-8c34-857c6a631481}" Name="Location1" /><FieldRef ID="{fb7e7610-8d8d-4ebf-bd4f-a30bc69fa464}" Name="Location1Price" /><FieldRef ID="{009e802a-f92f-4e9b-b6ec-2c69e316bb14}" Name="Location2" /><FieldRef ID="{506d4597-d08f-4b0b-9c17-07ee7e14b57c}" Name="Location2Price" /><FieldRef ID="{71073996-8b87-4bca-9925-d3d2bb449257}" Name="Location3" /><FieldRef ID="{8adb7ad0-cee2-4806-b541-0130320b9cf2}" Name="Location3Price" /></FieldRefs></ContentType><ContentTypeRef ID="0x01">
        <Folder TargetName="Item" />
      </ContentTypeRef><ContentTypeRef ID="0x0120" /></ContentTypes>
    <Fields>
      
    <Field ID="{fa564e0f-0c70-4ab9-b863-0177e6ddd247}" Type="Text" Name="Title" DisplayName="$Resources:core,Title;" Required="TRUE" SourceID="http://schemas.microsoft.com/sharepoint/v3" StaticName="Title" MaxLength="255" /><Field Name="BasePrice" ID="{80d913c1-5d03-4394-b33e-687767d43b33}" DisplayName="BasePrice" Type="Text" Required="TRUE" /><Field Name="Location1" ID="{fec5ce2f-0db9-4e2c-8c34-857c6a631481}" DisplayName="Location1" Type="Text" Required="TRUE" /><Field Name="Location1Price" ID="{fb7e7610-8d8d-4ebf-bd4f-a30bc69fa464}" DisplayName="Location1Price" Type="Number" /><Field Name="Location2" ID="{009e802a-f92f-4e9b-b6ec-2c69e316bb14}" DisplayName="Location2" Type="Text" Required="TRUE" /><Field Name="Location2Price" ID="{506d4597-d08f-4b0b-9c17-07ee7e14b57c}" DisplayName="Location2Price" Type="Number" /><Field Name="Location3" ID="{71073996-8b87-4bca-9925-d3d2bb449257}" DisplayName="Location3" Type="Text" Required="TRUE" /><Field Name="Location3Price" ID="{8adb7ad0-cee2-4806-b541-0130320b9cf2}" DisplayName="Location3Price" Type="Number" /></Fields>
    <Views>
      
      
    <View BaseViewID="0" Type="HTML" MobileView="TRUE" TabularView="FALSE">
        <Toolbar Type="Standard" />
        <XslLink Default="TRUE">main.xsl</XslLink>
        <RowLimit Paged="TRUE">30</RowLimit>
        <ViewFields>
          
        <FieldRef Name="LinkTitleNoMenu"></FieldRef></ViewFields>
        <Query>
          <OrderBy>
            
          <FieldRef Name="Modified" Ascending="FALSE"></FieldRef></OrderBy>
        </Query>
        <ParameterBindings>
          <ParameterBinding Name="AddNewAnnouncement" Location="Resource(wss,addnewitem)" />
          <ParameterBinding Name="NoAnnouncements" Location="Resource(wss,noXinviewofY_LIST)" />
          <ParameterBinding Name="NoAnnouncementsHowTo" Location="Resource(wss,noXinviewofY_ONET_HOME)" />
        </ParameterBindings>
      </View><View BaseViewID="1" Type="HTML" WebPartZoneID="Main" DisplayName="$Resources:core,objectiv_schema_mwsidcamlidC24;" DefaultView="TRUE" MobileView="TRUE" MobileDefaultView="TRUE" SetupPath="pages\viewpage.aspx" ImageUrl="/_layouts/15/images/generic.png" Url="AllItems.aspx">
        <Toolbar Type="Standard" />
        <XslLink Default="TRUE">main.xsl</XslLink>
        <JSLink>clienttemplates.js</JSLink>
        <RowLimit Paged="TRUE">30</RowLimit>
        <ViewFields>
          
        <FieldRef Name="LinkTitle"></FieldRef><FieldRef Name="BasePrice" /><FieldRef Name="Location1" /><FieldRef Name="Location1Price" /><FieldRef Name="Location2" /><FieldRef Name="Location2Price" /><FieldRef Name="Location3" /><FieldRef Name="Location3Price" /></ViewFields>
        <Query>
          <OrderBy>
            
          <FieldRef Name="ID"></FieldRef></OrderBy>
        </Query>
        <ParameterBindings>
          <ParameterBinding Name="NoAnnouncements" Location="Resource(wss,noXinviewofY_LIST)" />
          <ParameterBinding Name="NoAnnouncementsHowTo" Location="Resource(wss,noXinviewofY_DEFAULT)" />
        </ParameterBindings>
      </View></Views>
    <Forms>
      <Form Type="DisplayForm" Url="DispForm.aspx" SetupPath="pages\form.aspx" WebPartZoneID="Main" />
      <Form Type="EditForm" Url="EditForm.aspx" SetupPath="pages\form.aspx" WebPartZoneID="Main" />
      <Form Type="NewForm" Url="NewForm.aspx" SetupPath="pages\form.aspx" WebPartZoneID="Main" />
    </Forms>
  </MetaData>
</List>