﻿<parameters>
  <parameter name="IIS Web Application Name" defaultValue="Default Web Site/UpgradeEventDemo" tags="IisApp">
    <parameterEntry kind="ProviderPath" scope="IisApp" match="^C:\\Demos\\UpgradeEventDemo\\UpgradeEventDemoWeb\\obj\\Debug\\Package\\PackageTmp$" />
    <parameterEntry kind="ProviderPath" scope="setAcl" match="^C:\\Demos\\UpgradeEventDemo\\UpgradeEventDemoWeb\\obj\\Debug\\Package\\PackageTmp$" />
  </parameter>
  <parameter name="ClientId" description="Value for ClientId here." defaultValue="2084f712-a88b-45d7-a4e6-82d39cbb80d0" tags="applicationSettings">
    <parameterEntry kind="XmlFile" scope="web.config$" match="/configuration/appSettings/add[@key='ClientId']/@value" />
  </parameter>
  <parameter name="ClientSecret" description="Value for ClientSecret here." defaultValue="" tags="applicationSettings">
    <parameterEntry kind="XmlFile" scope="web.config$" match="/configuration/appSettings/add[@key='ClientSecret']/@value" />
  </parameter>
</parameters>