﻿<?xml version="1.0" encoding="utf-8"?>

<Deployment xmlns="http://schemas.microsoft.com/windowsphone/2009/deployment" AppPlatformVersion="7.1">
  <App xmlns="" ProductID="{0d933704-4b04-4903-8349-0359e1fe66a4}" Title="SP_AutohostedExpensesMobile_cs" RuntimeType="Silverlight" Version="1.0.0.0" Genre="apps.normal"  Author="SP_AutohostedExpensesMobile_cs author" Description="Sample description" Publisher="SP_AutohostedExpensesMobile_cs">
    <IconPath IsRelative="true" IsResource="false">Images\ApplicationIcon.png</IconPath>
    <Capabilities>
      <Capability Name="ID_CAP_GAMERSERVICES"/>
      <Capability Name="ID_CAP_IDENTITY_DEVICE"/>
      <Capability Name="ID_CAP_IDENTITY_USER"/>
      <Capability Name="ID_CAP_LOCATION"/>
      <Capability Name="ID_CAP_MEDIALIB"/>
      <Capability Name="ID_CAP_MICROPHONE"/>
      <Capability Name="ID_CAP_NETWORKING"/>
      <Capability Name="ID_CAP_PHONEDIALER"/>
      <Capability Name="ID_CAP_PUSH_NOTIFICATION"/>
      <Capability Name="ID_CAP_SENSORS"/>
      <Capability Name="ID_CAP_WEBBROWSERCOMPONENT"/>
      <Capability Name="ID_CAP_ISV_CAMERA"/>
      <Capability Name="ID_CAP_CONTACTS"/>
      <Capability Name="ID_CAP_APPOINTMENTS"/>
    </Capabilities>
    <Tasks>
      <DefaultTask Name ="_default" NavigationPage="Views\List.xaml"/>
    </Tasks>
    <Tokens>
      <PrimaryToken TokenID="SP_AutohostedExpensesMobile_csToken" TaskName="_default">
        <TemplateType5>
          <BackgroundImageURI IsRelative="true" IsResource="false">Images/Background.png</BackgroundImageURI>
          <Count>0</Count>
          <Title>SP_AutohostedExpensesMobile_cs</Title>
        </TemplateType5>
      </PrimaryToken>
    </Tokens>
  </App>
</Deployment>
