﻿<?xml version="1.0" encoding="utf-8"?>
<Feature Description="SharePoint App Feature" Id="000d3e38-809e-481b-85a7-cd2a2949863c" Scope="Web" Title="BCSDashboardJSOM Feature1" xmlns="http://schemas.microsoft.com/sharepoint/">
  <ElementManifests>
    <ElementManifest Location="Pages\Elements.xml" />
    <ElementFile Location="Pages\Default.aspx" />
    <ElementManifest Location="Scripts\Elements.xml" />
    <ElementFile Location="Scripts\App.js" />
    <ElementFile Location="Scripts\jquery-1.7.1.min.js" />
    <ElementFile Location="Scripts\jquery-1.7.1.js" />
    <ElementFile Location="Scripts\jquery-1.7.1.intellisense.js" />
    <ElementFile Location="Scripts\knockout-2.1.0.js" />
    <ElementFile Location="Scripts\northwind.viewmodel.js" />
    <ElementFile Location="Scripts\northwind.query.js" />
    <ElementManifest Location="Content\Elements.xml" />
    <ElementFile Location="Content\App.css" />
    <ElementManifest Location="Images\Elements.xml" />
    <ElementFile Location="Images\AppIcon.png" />
    <ElementManifest Location="External Content Types\Elements.xml" />
    <ElementFile Location="External Content Types\BDCMetadata.bdcm" />
  </ElementManifests>
</Feature>